Date,Close/Last,Volume,Open,High,Low,Day
September 18 2024,227.20,78010200,230.09,235.68,226.88,1258
September 17 2024,227.87,66761640,229.45,234.57,226.55,1257
September 16 2024,226.78,54323000,229.30,229.96,223.53,1256
September 13 2024,230.29,59515110,228.00,232.67,226.32,1255
September 12 2024,229.81,72020040,224.66,231.45,223.83,1254
September 11 2024,228.13,83548630,224.55,228.47,216.80,1253
September 10 2024,226.17,78891140,220.07,226.40,218.64,1252
September 9 2024,216.27,67443520,216.20,219.87,213.67,1251
September 6 2024,210.73,112177000,232.60,233.60,210.51,1250
September 5 2024,230.17,119355000,223.49,235.00,222.25,1249
September 4 2024,219.41,80651770,210.59,222.22,210.57,1248
September 3 2024,210.60,76714220,215.26,219.90,209.64,1247
August 30 2024,214.11,63370610,208.63,214.57,207.03,1246
August 29 2024,206.28,62308820,209.80,214.89,205.97,1245
August 28 2024,205.75,64116350,209.72,211.84,202.59,1244
August 27 2024,209.21,62821390,213.25,215.66,206.94,1243
August 26 2024,213.21,59301190,218.75,219.09,211.01,1242
August 23 2024,220.32,81525210,214.46,221.48,214.21,1241
August 22 2024,210.66,79514480,223.82,224.80,210.32,1240
August 21 2024,223.27,70145960,222.67,224.66,218.86,1239
August 20 2024,221.10,74001180,224.88,228.22,219.56,1238
August 19 2024,222.72,76435220,217.07,222.98,214.09,1237
August 16 2024,216.12,88765120,211.15,219.80,210.80,1236
August 15 2024,214.14,89848530,205.02,215.88,204.82,1235
August 14 2024,201.38,70250010,207.39,208.44,198.75,1234
August 13 2024,207.83,76247390,198.47,208.49,197.06,1233
August 12 2024,197.49,64044900,199.02,199.26,194.67,1232
August 9 2024,200.00,58648270,197.05,200.88,195.11,1231
August 8 2024,198.84,65033870,195.70,200.70,192.04,1230
August 7 2024,191.76,71159780,200.77,203.49,191.48,1229
August 6 2024,200.64,73783940,200.75,202.90,192.67,1228
August 5 2024,198.88,100308800,185.22,203.88,182.00,1227
August 2 2024,207.67,82880120,214.88,216.13,205.78,1226
August 1 2024,216.86,83861900,227.69,231.87,214.33,1225
July 31 2024,232.07,67497010,227.90,234.68,226.79,1224
July 30 2024,222.62,100560300,232.25,232.41,220.00,1223
July 29 2024,232.10,129201800,224.90,234.27,224.70,1222
July 26 2024,219.80,94604150,221.19,222.28,215.33,1221
July 25 2024,220.25,100636500,216.80,226.00,216.23,1220
July 24 2024,215.99,167942900,225.42,225.99,214.71,1219
July 23 2024,246.38,111928200,253.60,255.76,245.63,1218
July 22 2024,251.51,101225400,244.21,253.21,243.75,1217
July 19 2024,239.20,87403900,247.79,249.44,236.83,1216
July 18 2024,249.23,110869000,251.09,257.14,247.20,1215
July 17 2024,248.50,115584800,252.73,258.47,246.18,1214
July 16 2024,256.56,126332500,255.31,258.62,245.80,1213
July 15 2024,252.64,146912900,255.97,265.60,251.73,1212
July 12 2024,248.23,155955800,235.80,251.84,233.09,1211
July 11 2024,241.03,221707300,263.30,271.00,239.65,1210
July 10 2024,263.26,128519400,262.80,267.59,257.86,1209
July 9 2024,262.33,160742500,251.00,265.61,250.30,1208
July 8 2024,252.94,157219600,247.71,259.44,244.57,1207
July 5 2024,251.52,154501200,249.81,252.37,242.46,1206
July 3 2024,246.39,166561500,234.56,248.35,234.25,1205
July 2 2024,231.26,205047900,218.89,231.30,218.06,1204
July 1 2024,209.86,135691400,201.02,213.23,200.85,1203
June 28 2024,197.88,95438070,199.55,203.20,195.26,1202
June 27 2024,197.42,72746520,195.17,198.72,194.05,1201
June 26 2024,196.37,95737070,186.54,197.76,186.36,1200
June 25 2024,187.35,63678270,184.40,187.97,182.01,1199
June 24 2024,182.58,61992070,184.97,188.80,182.55,1198
June 21 2024,183.01,63029480,182.30,183.95,180.69,1197
June 20 2024,181.57,55893140,184.68,185.21,179.66,1196
June 18 2024,184.86,68982270,186.56,187.20,182.37,1195
June 17 2024,187.44,109786100,177.92,188.81,177.00,1194
June 14 2024,178.01,82038190,185.80,186.00,176.92,1193
June 13 2024,182.47,118984100,188.39,191.08,181.23,1192
June 12 2024,177.29,90389450,171.12,180.55,169.80,1191
June 11 2024,170.66,64761930,173.92,174.75,167.41,1190
June 10 2024,173.79,50869680,176.06,178.57,173.17,1189
June 7 2024,177.48,56244930,176.13,179.35,175.58,1188
June 6 2024,177.94,69887020,174.60,179.73,172.73,1187
June 5 2024,175.00,57953760,175.35,176.15,172.13,1186
June 4 2024,174.77,60056340,174.78,177.76,174.00,1185
June 3 2024,176.29,68568920,178.13,182.64,174.49,1184
May 31 2024,178.08,67314600,178.50,180.32,173.82,1183
May 30 2024,178.79,77784760,178.58,182.67,175.38,1182
May 29 2024,176.19,54782650,174.19,178.15,173.93,1181
May 28 2024,176.75,59736620,176.40,178.25,173.16,1180
May 24 2024,179.24,65584480,174.84,180.08,173.73,1179
May 23 2024,173.74,71975500,181.80,181.90,173.26,1178
May 22 2024,180.11,88313480,182.85,183.80,178.12,1177
May 21 2024,186.60,115266500,175.51,186.88,174.71,1176
May 20 2024,174.95,61727430,177.56,177.75,173.52,1175
May 17 2024,177.46,77445850,173.55,179.63,172.75,1174
May 16 2024,174.84,59812220,174.10,175.79,171.43,1173
May 15 2024,173.99,79662990,179.90,180.00,173.11,1172
May 14 2024,177.55,86407420,174.50,179.49,174.07,1171
May 13 2024,171.89,67018900,170.00,175.40,169.00,1170
May 10 2024,168.47,72627180,173.05,173.06,167.75,1169
May 9 2024,171.97,65950290,175.01,175.62,171.37,1168
May 8 2024,174.72,79969490,171.59,176.06,170.15,1167
May 7 2024,177.81,75045850,182.40,183.26,177.40,1166
May 6 2024,184.76,84390250,183.80,187.56,182.20,1165
May 3 2024,181.19,75491540,182.10,184.78,178.42,1164
May 2 2024,180.01,89148040,182.86,184.60,176.02,1163
May 1 2024,179.99,92829720,182.00,185.86,179.01,1162
April 30 2024,183.28,127031800,186.98,190.95,182.84,1161
April 29 2024,194.05,243869700,188.42,198.87,184.54,1160
April 26 2024,168.29,109815700,168.85,172.12,166.37,1159
April 25 2024,170.18,126427500,158.96,170.88,158.36,1158
April 24 2024,162.13,181178000,162.84,167.97,157.51,1157
April 23 2024,144.68,124545100,143.33,147.26,141.11,1156
April 22 2024,142.05,107097600,140.56,144.44,138.80,1155
April 19 2024,147.05,87074500,148.97,150.94,146.22,1154
April 18 2024,149.93,96098830,151.25,152.20,148.70,1153
April 17 2024,155.45,82439720,157.64,158.33,153.78,1152
April 16 2024,157.11,96999960,156.74,158.19,153.75,1151
April 15 2024,161.48,100245300,170.24,170.69,161.38,1150
April 12 2024,171.05,64722670,172.34,173.81,170.36,1149
April 11 2024,174.60,94515990,172.55,175.88,168.51,1148
April 10 2024,171.76,84532410,173.04,174.93,170.01,1147
April 9 2024,176.88,103232700,172.91,179.22,171.92,1146
April 8 2024,172.98,104423300,169.34,174.50,167.79,1145
April 5 2024,164.90,143157600,169.08,170.86,160.51,1144
April 4 2024,171.11,123162000,170.07,177.19,168.01,1143
April 3 2024,168.38,82950140,164.02,168.82,163.28,1142
April 2 2024,166.63,116650600,164.75,167.69,163.43,1141
April 1 2024,175.22,81562130,176.17,176.75,170.21,1140
March 28 2024,175.79,77654840,177.45,179.57,175.30,1139
March 27 2024,179.83,81804040,181.41,181.91,176.00,1138
March 26 2024,177.67,113186200,178.58,184.25,177.38,1137
March 25 2024,172.63,74228620,168.76,175.24,168.73,1136
March 22 2024,170.83,75580640,166.69,171.20,166.30,1135
March 21 2024,172.82,73178010,176.39,178.18,171.80,1134
March 20 2024,175.66,83846730,173.00,176.25,170.82,1133
March 19 2024,171.32,77271430,172.36,172.82,167.42,1132
March 18 2024,173.80,108214400,170.02,174.72,165.90,1131
March 15 2024,163.57,97146830,163.16,165.18,160.76,1130
March 14 2024,162.50,126325700,167.77,171.17,160.51,1129
March 13 2024,169.48,106524500,173.05,176.05,169.15,1128
March 12 2024,177.54,87391680,177.77,179.43,172.41,1127
March 11 2024,177.77,85391530,175.45,182.87,174.80,1126
March 8 2024,175.34,85544640,181.50,182.73,174.70,1125
March 7 2024,178.65,102129000,174.35,180.04,173.70,1124
March 6 2024,176.54,107920900,179.99,181.58,173.70,1123
March 5 2024,180.74,119660800,183.05,184.59,177.57,1122
March 4 2024,188.14,134334900,198.73,199.75,186.72,1121
March 1 2024,202.64,82243120,200.52,204.52,198.50,1120
February 29 2024,201.88,85906970,204.18,205.28,198.45,1119
February 28 2024,202.04,99806170,200.42,205.30,198.44,1118
February 27 2024,199.73,108645400,204.04,205.60,198.26,1117
February 26 2024,199.40,111747100,192.29,201.78,192.00,1116
February 23 2024,191.97,78841920,195.31,197.57,191.50,1115
February 22 2024,197.41,92739460,194.00,198.32,191.36,1114
February 21 2024,194.77,103844000,193.36,199.44,191.95,1113
February 20 2024,193.76,104545800,196.13,198.60,189.13,1112
February 16 2024,199.95,111346700,202.06,203.17,197.40,1111
February 15 2024,200.45,120831800,189.16,200.88,188.86,1110
February 14 2024,188.71,81202990,185.30,188.89,183.35,1109
February 13 2024,184.02,86759480,183.99,187.26,182.11,1108
February 12 2024,188.13,95498600,192.11,194.73,187.28,1107
February 9 2024,193.57,84476350,190.18,194.12,189.48,1106
February 8 2024,189.56,83034040,189.00,191.62,185.58,1105
February 7 2024,187.58,111535200,188.18,189.79,182.68,1104
February 6 2024,185.10,122676000,177.21,186.49,177.11,1103
February 5 2024,181.06,134294400,184.26,184.68,175.01,1102
February 2 2024,187.91,110612700,185.04,188.69,182.00,1101
February 1 2024,188.86,91843280,188.50,189.88,184.28,1100
January 31 2024,187.29,103221400,187.00,193.97,185.85,1099
January 30 2024,191.59,109982300,195.33,196.36,190.61,1098
January 29 2024,190.93,125013100,185.63,191.48,183.67,1097
January 26 2024,183.25,107343200,185.50,186.78,182.10,1096
January 25 2024,182.63,198076800,189.70,193.00,180.06,1095
January 24 2024,207.83,123369900,211.88,212.73,206.77,1094
January 23 2024,209.14,106605900,211.30,215.65,207.75,1093
January 22 2024,208.80,117952500,212.26,217.80,206.27,1092
January 19 2024,212.19,102260300,209.99,213.19,207.56,1091
January 18 2024,211.88,108595400,216.88,217.45,208.74,1090
January 17 2024,215.55,103164400,214.86,215.67,212.01,1089
January 16 2024,219.91,115355000,215.10,223.49,212.18,1088
January 12 2024,218.89,123043800,220.08,225.34,217.15,1087
January 11 2024,227.22,105873600,230.57,230.93,225.37,1086
January 10 2024,233.94,91628500,235.10,235.50,231.29,1085
January 9 2024,234.96,96705660,238.11,238.96,232.04,1084
January 8 2024,240.45,85166580,236.14,241.25,235.30,1083
January 5 2024,237.49,92488940,236.86,240.12,234.90,1082
January 4 2024,237.93,102629300,239.25,242.70,237.73,1081
January 3 2024,238.45,121082600,244.98,245.68,236.32,1080
January 2 2024,248.42,104654200,250.08,251.25,244.41,1079
December 29 2023,248.48,100891600,255.10,255.19,247.43,1078
December 28 2023,253.18,113619900,263.66,265.13,252.71,1077
December 27 2023,261.44,106494400,258.35,263.34,257.52,1076
December 26 2023,256.61,86892380,254.49,257.97,252.91,1075
December 22 2023,252.54,93370090,256.76,258.22,251.37,1074
December 21 2023,254.50,109594200,251.90,254.80,248.55,1073
December 20 2023,247.14,125097000,256.41,259.84,247.00,1072
December 19 2023,257.22,106737400,253.48,258.34,253.01,1071
December 18 2023,252.08,116416500,253.78,258.74,251.36,1070
December 15 2023,253.50,135932800,251.21,254.13,248.30,1069
December 14 2023,251.05,160829200,241.22,253.88,240.79,1068
December 13 2023,239.29,146286300,234.19,240.30,228.20,1067
December 12 2023,237.01,95328310,238.55,238.99,233.87,1066
December 11 2023,239.74,97913890,242.74,243.44,237.45,1065
December 8 2023,243.84,103126800,240.27,245.27,239.27,1064
December 7 2023,242.64,107142300,241.55,244.08,236.98,1063
December 6 2023,239.37,126436200,242.92,246.57,239.17,1062
December 5 2023,238.72,137971100,233.87,246.66,233.70,1061
December 4 2023,235.58,104099800,235.75,239.37,233.29,1060
December 1 2023,238.83,121331700,233.14,240.19,231.90,1059
November 30 2023,240.08,132353200,245.14,245.22,236.91,1058
November 29 2023,244.14,135401300,249.21,252.75,242.76,1057
November 28 2023,246.72,148549900,236.68,247.00,234.01,1056
November 27 2023,236.08,112031800,236.89,238.33,232.10,1055
November 24 2023,235.45,65125200,233.75,238.75,232.33,1054
November 22 2023,234.21,118117100,242.04,244.01,231.40,1053
November 21 2023,241.20,122288000,235.04,243.62,233.34,1052
November 20 2023,235.60,116562400,234.04,237.10,231.02,1051
November 17 2023,234.30,142766200,232.00,237.39,226.54,1050
November 16 2023,233.59,136816800,239.49,240.88,230.96,1049
November 15 2023,242.84,150354000,239.29,246.70,236.45,1048
November 14 2023,237.41,149771600,235.03,238.14,230.72,1047
November 13 2023,223.71,140447600,215.60,225.40,211.61,1046
November 10 2023,214.65,131310100,210.03,215.38,205.69,1045
November 9 2023,209.98,142110500,219.75,220.80,206.68,1044
November 8 2023,222.11,106584800,223.15,224.15,217.64,1043
November 7 2023,222.18,116900100,219.98,223.12,215.72,1042
November 6 2023,219.27,117335800,223.98,226.32,215.00,1041
November 3 2023,219.96,119534800,221.15,226.37,218.40,1040
November 2 2023,218.51,125987600,212.97,219.20,211.45,1039
November 1 2023,205.66,121661700,204.04,205.99,197.85,1038
October 31 2023,200.84,118068300,196.12,202.80,194.07,1037
October 30 2023,197.36,136448200,209.28,210.88,194.67,1036
October 27 2023,207.30,94881170,210.60,212.41,205.77,1035
October 26 2023,205.76,115112600,211.32,214.80,204.88,1034
October 25 2023,212.42,107065100,215.88,220.10,212.20,1033
October 24 2023,216.52,118231100,216.50,222.05,214.11,1032
October 23 2023,212.08,150683400,210.00,216.98,202.51,1031
October 20 2023,211.99,138010100,217.01,218.86,210.42,1030
October 19 2023,220.11,170772700,225.95,230.61,216.78,1029
October 18 2023,242.68,125147800,252.70,254.63,242.08,1028
October 17 2023,254.85,93562910,250.10,257.18,247.08,1027
October 16 2023,253.92,88917180,250.05,255.40,248.48,1026
October 13 2023,251.12,102296800,258.90,259.60,250.22,1025
October 12 2023,258.87,111508100,262.92,265.41,256.63,1024
October 11 2023,262.99,103706300,266.20,268.60,260.90,1023
October 10 2023,263.62,122656000,257.75,268.94,257.65,1022
October 9 2023,259.67,101377900,255.31,261.36,252.05,1021
October 6 2023,260.53,118121800,253.98,261.65,250.65,1020
October 5 2023,260.05,119159200,260.00,263.60,256.25,1019
October 4 2023,261.16,129721600,248.14,261.86,247.60,1018
October 3 2023,246.53,101985300,248.61,250.02,244.45,1017
October 2 2023,251.60,123810400,244.81,254.28,242.62,1016
September 29 2023,250.22,128522700,250.00,254.77,246.35,1015
September 28 2023,246.38,117058900,240.02,247.55,238.65,1014
September 27 2023,240.50,136597200,244.26,245.33,234.58,1013
September 26 2023,244.12,101993600,242.98,249.55,241.66,1012
September 25 2023,246.99,104636600,243.38,247.10,238.31,1011
September 22 2023,244.88,127524100,257.40,257.79,244.48,1010
September 21 2023,255.70,119951500,257.85,260.86,254.21,1009
September 20 2023,262.59,122514600,267.04,273.93,262.46,1008
September 19 2023,266.50,103704000,264.35,267.85,261.20,1007
September 18 2023,265.28,101543300,271.16,271.44,263.76,1006
September 15 2023,274.39,133692300,277.55,278.98,271.00,1005
September 14 2023,276.04,107709800,271.32,276.71,270.42,1004
September 13 2023,271.30,111673700,270.07,274.98,268.10,1003
September 12 2023,267.48,135999900,270.76,278.39,266.60,1002
September 11 2023,273.58,174667900,264.27,274.85,260.61,1001
September 8 2023,248.50,118559600,251.22,256.52,246.67,1000
September 7 2023,251.49,115312900,245.07,252.81,243.27,999
September 6 2023,251.92,116959800,255.14,255.39,245.06,998
September 5 2023,256.49,129469600,245.00,258.00,244.86,997
September 1 2023,245.01,132541600,257.26,259.08,242.01,996
August 31 2023,258.08,108861700,255.98,261.18,255.05,995
August 30 2023,256.90,121988400,254.20,260.51,250.59,994
August 29 2023,257.18,134047600,238.58,257.48,237.77,993
August 28 2023,238.82,107673700,242.58,244.38,235.35,992
August 25 2023,238.59,106612200,231.31,239.00,230.35,991
August 24 2023,230.04,99777430,238.66,238.92,228.18,990
August 23 2023,236.86,101077600,229.34,238.98,229.29,989
August 22 2023,233.19,130597900,240.25,240.82,229.55,988
August 21 2023,231.28,135702700,221.55,232.13,220.58,987
August 18 2023,215.49,136276600,214.12,217.58,212.36,986
August 17 2023,219.22,120718400,226.06,226.74,218.83,985
August 16 2023,225.60,112484500,228.02,233.97,225.38,984
August 15 2023,232.96,88197600,238.73,240.50,232.61,983
August 14 2023,239.76,98595330,235.70,240.66,233.75,982
August 11 2023,242.65,99038640,241.77,243.79,238.02,981
August 10 2023,245.34,109498600,245.40,251.80,243.00,980
August 9 2023,242.19,101596300,250.87,251.10,241.90,979
August 8 2023,249.70,96642180,247.45,250.92,245.01,978
August 7 2023,251.45,111097900,251.45,253.65,242.76,977
August 4 2023,253.86,99539910,260.97,264.77,253.11,976
August 3 2023,259.32,97829550,252.04,260.49,252.00,975
August 2 2023,254.11,101752900,255.57,259.52,250.49,974
August 1 2023,261.07,83645720,266.26,266.47,260.25,973
July 31 2023,267.43,84582170,267.48,269.08,263.78,972
July 28 2023,266.44,111446000,259.86,267.25,258.23,971
July 27 2023,255.71,103697300,268.31,269.13,255.30,970
July 26 2023,264.35,95856180,263.25,268.04,261.75,969
July 25 2023,265.28,112757300,272.38,272.90,265.00,968
July 24 2023,269.06,137005000,255.85,269.85,254.12,967
July 21 2023,260.02,161796100,268.00,268.00,255.80,966
July 20 2023,262.90,175158300,279.56,280.93,261.20,965
July 19 2023,291.26,142355400,296.04,299.29,289.52,964
July 18 2023,293.34,112434700,290.15,295.26,286.01,963
July 17 2023,290.38,131569600,286.63,292.23,283.57,962
July 14 2023,281.38,120062400,277.01,285.30,276.31,961
July 13 2023,277.90,112681500,274.59,279.45,270.60,960
July 12 2023,271.99,95672140,276.33,276.52,271.46,959
July 11 2023,269.79,91972360,268.65,270.90,266.37,958
July 10 2023,269.61,119425400,276.47,277.52,265.10,957
July 7 2023,274.43,113879200,278.43,280.78,273.77,956
July 6 2023,276.54,120707400,278.09,279.97,272.88,955
July 5 2023,282.48,131530900,278.82,283.85,277.60,954
July 3 2023,279.82,118999000,276.49,284.25,275.11,953
June 30 2023,261.77,112620800,260.60,264.45,259.89,952
June 29 2023,257.50,131283400,258.03,260.74,253.61,951
June 28 2023,256.24,159770800,249.70,259.88,248.89,950
June 27 2023,250.21,164968200,243.24,250.39,240.85,949
June 26 2023,241.05,179990600,250.07,258.37,240.70,948
June 23 2023,256.60,177460800,259.29,262.45,252.80,947
June 22 2023,264.61,166875900,250.77,265.00,248.25,946
June 21 2023,259.46,211797100,275.13,276.99,257.78,945
June 20 2023,274.45,165611200,261.50,274.75,261.12,944
June 16 2023,260.54,167915600,258.92,263.60,257.21,943
June 15 2023,255.90,160171200,248.40,258.95,247.29,942
June 14 2023,256.79,170575500,260.17,261.57,250.50,941
June 13 2023,258.71,162384300,253.51,259.68,251.34,940
June 12 2023,249.83,150740500,247.94,250.97,244.59,939
June 9 2023,244.40,200242400,249.07,252.42,242.02,938
June 8 2023,234.86,164489700,224.22,235.23,223.01,937
June 7 2023,224.57,185710800,228.00,230.83,223.20,936
June 6 2023,221.31,146911600,216.14,221.91,212.53,935
June 5 2023,217.61,151143100,217.80,221.29,214.52,934
June 2 2023,213.97,164398400,210.15,217.25,209.75,933
June 1 2023,207.52,148029900,202.59,209.80,199.37,932
May 31 2023,203.93,150711700,199.78,203.95,195.12,931
May 30 2023,201.16,128818700,200.10,204.48,197.53,930
May 26 2023,193.17,162061500,184.62,198.60,184.53,929
May 25 2023,184.47,96870720,186.54,186.78,180.58,928
May 24 2023,182.90,137605100,182.23,184.22,178.22,927
May 23 2023,185.77,156952100,186.20,192.96,185.26,926
May 22 2023,188.87,132001400,180.70,189.32,180.11,925
May 19 2023,180.14,136196700,177.17,181.95,176.31,924
May 18 2023,176.89,109520300,174.22,177.06,172.45,923
May 17 2023,173.86,125473600,168.41,174.50,167.19,922
May 16 2023,166.52,98288790,165.65,169.52,164.35,921
May 15 2023,166.35,105592500,167.66,169.76,164.55,920
May 12 2023,167.98,157849600,176.07,177.38,167.23,919
May 11 2023,172.08,103889900,168.70,173.57,166.79,918
May 10 2023,168.54,119840700,172.55,174.43,166.68,917
May 9 2023,169.15,88965040,168.95,169.82,166.56,916
May 8 2023,171.79,112249400,173.72,173.80,169.19,915
May 5 2023,170.06,107607300,163.97,170.79,163.51,914
May 4 2023,161.20,95108490,162.71,162.95,159.65,913
May 3 2023,160.61,119728000,160.01,165.00,159.91,912
May 2 2023,160.31,128259700,161.88,165.49,158.93,911
May 1 2023,161.83,109015000,163.17,163.28,158.83,910
April 28 2023,164.31,122515800,160.90,165.00,157.32,909
April 27 2023,160.19,127015200,152.64,160.48,152.37,908
April 26 2023,153.75,153364100,160.29,160.67,153.14,907
April 25 2023,160.67,121999300,159.82,163.47,158.75,906
April 24 2023,162.55,140006600,164.65,165.65,158.61,905
April 21 2023,165.08,123539000,164.80,166.00,161.32,904
April 20 2023,162.99,210970800,166.17,169.70,160.56,903
April 19 2023,180.59,125732700,179.10,183.50,177.65,902
April 18 2023,184.31,92067020,187.15,187.69,183.58,901
April 17 2023,187.04,116662200,186.32,189.69,182.69,900
April 14 2023,185.00,96438660,183.95,186.28,182.01,899
April 13 2023,185.90,112933000,182.96,186.50,180.94,898
April 12 2023,180.54,150256300,190.74,191.58,180.31,897
April 11 2023,186.79,115770900,186.69,189.19,185.65,896
April 10 2023,184.51,142154600,179.94,185.10,176.11,895
April 6 2023,185.06,123857900,183.08,186.39,179.74,894
April 5 2023,185.52,133882500,190.52,190.68,183.76,893
April 4 2023,192.58,126463800,197.32,198.74,190.32,892
April 3 2023,194.77,169545900,199.91,202.69,192.20,891
March 31 2023,207.46,170222100,197.53,207.79,197.20,890
March 30 2023,195.28,110252200,195.58,197.33,194.42,889
March 29 2023,193.88,123660000,193.13,195.29,189.44,888
March 28 2023,189.19,98654640,192.00,192.35,185.43,887
March 27 2023,191.81,120851600,194.42,197.39,189.94,886
March 24 2023,190.41,116531600,191.65,192.36,187.15,885
March 23 2023,192.22,144193900,195.26,199.31,188.65,884
March 22 2023,191.15,150376400,199.30,200.66,190.95,883
March 21 2023,197.58,153391400,188.28,198.00,188.04,882
March 20 2023,183.25,129684400,178.08,186.44,176.35,881
March 17 2023,180.13,133197100,184.52,186.22,177.33,880
March 16 2023,184.13,121374500,180.37,185.81,178.84,879
March 15 2023,180.45,145995600,180.80,182.34,176.03,878
March 14 2023,183.26,143717900,177.31,183.80,177.14,877
March 13 2023,174.48,167790300,167.46,177.35,163.91,876
March 10 2023,173.44,191488900,175.13,178.29,168.44,875
March 9 2023,172.92,170023800,180.25,185.18,172.51,874
March 8 2023,182.00,151897800,185.04,186.50,180.00,873
March 7 2023,187.71,148125800,191.38,194.20,186.10,872
March 6 2023,193.81,128100100,198.54,198.60,192.30,871
March 3 2023,197.79,154193300,194.80,200.48,192.88,870
March 2 2023,190.90,181979200,186.74,193.75,186.01,869
March 1 2023,202.77,156852800,206.21,207.20,198.52,868
February 28 2023,205.71,153144900,210.59,211.23,203.75,867
February 27 2023,207.63,161028300,202.03,209.42,201.26,866
February 24 2023,196.88,142228100,196.33,197.67,192.80,865
February 23 2023,202.07,146360000,203.91,205.14,196.33,864
February 22 2023,200.86,191828500,197.93,201.99,191.78,863
February 21 2023,197.37,180018600,204.99,209.71,197.22,862
February 17 2023,208.31,213738500,199.99,208.44,197.50,861
February 16 2023,202.04,229586500,210.78,217.65,201.84,860
February 15 2023,214.24,182108600,211.76,214.66,206.11,859
February 14 2023,209.25,216455700,191.94,209.82,189.44,858
February 13 2023,194.64,172475500,194.42,196.30,187.61,857
February 10 2023,196.89,204754100,202.23,206.20,192.89,856
February 9 2023,207.32,215431400,207.78,214.00,204.77,855
February 8 2023,201.29,180673600,196.10,203.00,194.31,854
February 7 2023,196.81,186010300,196.43,197.50,189.55,853
February 6 2023,194.76,186188100,193.01,198.17,189.92,852
February 3 2023,189.98,232662000,183.95,199.00,183.69,851
February 2 2023,188.27,217448300,187.33,196.75,182.61,850
February 1 2023,181.41,213806300,173.89,183.81,169.93,849
January 31 2023,173.22,196813500,164.57,174.30,162.78,848
January 30 2023,166.66,230878800,178.05,179.77,166.50,847
January 27 2023,177.90,306590600,162.43,180.68,161.17,846
January 26 2023,160.27,234815100,159.97,161.42,154.76,845
January 25 2023,144.43,192734300,141.91,146.41,138.07,844
January 24 2023,143.89,158699100,143.00,146.50,141.10,843
January 23 2023,143.75,203119200,135.87,145.38,134.27,842
January 20 2023,133.42,138858100,128.68,133.51,127.35,841
January 19 2023,127.17,170291900,127.26,129.99,124.31,840
January 18 2023,128.78,195680300,136.56,136.68,127.01,839
January 17 2023,131.49,186477000,125.70,131.70,125.02,838
January 13 2023,122.40,180714100,116.55,122.63,115.60,837
January 12 2023,123.56,169400900,122.56,124.13,117.00,836
January 11 2023,123.22,183810800,122.09,125.95,120.51,835
January 10 2023,118.85,167642500,121.07,122.76,114.92,834
January 9 2023,119.77,190284000,118.96,123.52,117.11,833
January 6 2023,113.06,220911100,103.00,114.39,101.81,832
January 5 2023,110.34,157986300,110.51,111.75,107.16,831
January 4 2023,113.64,180389000,109.11,114.59,107.52,830
January 3 2023,108.10,231402800,118.47,118.80,104.64,829
December 30 2022,123.18,157777300,119.95,124.48,119.75,828
December 29 2022,121.82,221923300,120.39,123.57,117.50,827
December 28 2022,112.71,221070500,110.35,116.27,108.24,826
December 27 2022,109.10,208643400,117.50,119.67,108.76,825
December 23 2022,123.15,166989700,126.37,128.62,121.02,824
December 22 2022,125.35,210090300,136.00,136.63,122.26,823
December 21 2022,137.57,145417400,139.34,141.26,135.89,822
December 20 2022,137.80,159563300,146.05,148.47,137.66,821
December 19 2022,149.87,139390600,154.00,155.25,145.82,820
December 16 2022,150.23,139032200,159.64,160.99,150.04,819
December 15 2022,157.67,122334500,153.44,160.93,153.28,818
December 14 2022,156.80,140682300,159.25,161.62,155.31,817
December 13 2022,160.95,175862700,174.87,175.05,156.91,816
December 12 2022,167.82,109794500,176.10,177.37,167.52,815
December 9 2022,179.05,104872300,173.84,182.50,173.36,814
December 8 2022,173.44,97624490,172.20,175.20,169.06,813
December 7 2022,174.04,84213280,175.03,179.38,172.22,812
December 6 2022,179.82,92150820,181.22,183.65,175.33,811
December 5 2022,182.45,93122670,189.44,191.27,180.55,810
December 2 2022,194.86,73645920,191.78,196.25,191.11,809
December 1 2022,194.70,80046210,197.08,198.92,191.80,808
November 30 2022,194.70,109186400,182.43,194.76,180.63,807
November 29 2022,180.83,83357110,184.99,186.38,178.75,806
November 28 2022,182.92,93038150,179.96,188.50,179.00,805
November 25 2022,182.86,50672740,185.06,185.20,180.63,804
November 23 2022,183.20,109536700,173.57,183.62,172.50,803
November 22 2022,169.91,78452330,168.63,170.92,166.19,802
November 21 2022,167.87,92882710,175.85,176.77,167.54,801
November 18 2022,180.19,76048870,185.05,185.19,176.55,800
November 17 2022,183.17,64335970,183.96,186.16,180.90,799
November 16 2022,186.92,66567600,191.51,192.57,185.66,798
November 15 2022,194.42,91293790,195.88,200.82,192.06,797
November 14 2022,190.95,92226650,192.77,195.73,186.34,796
November 11 2022,195.97,114403600,186.00,196.52,182.59,795
November 10 2022,190.72,132703000,189.90,191.00,180.03,794
November 9 2022,177.59,127062700,190.78,195.89,177.12,793
November 8 2022,191.30,128803400,194.02,195.20,186.75,792
November 7 2022,197.08,93916520,208.65,208.90,196.66,791
November 4 2022,207.47,98622210,222.60,223.80,203.08,790
November 3 2022,215.31,56538850,211.36,221.20,210.14,789
November 2 2022,214.98,63070290,226.04,227.87,214.82,788
November 1 2022,227.82,62688820,234.05,237.40,227.28,787
October 31 2022,227.54,61554340,226.19,229.85,221.94,786
October 28 2022,228.52,69152390,225.40,228.86,216.35,785
October 27 2022,225.09,61638820,229.77,233.81,222.85,784
October 26 2022,224.64,85327080,219.40,230.60,218.20,783
October 25 2022,222.42,96507870,210.10,224.35,210.00,782
October 24 2022,211.25,100446800,205.82,213.50,198.59,781
October 21 2022,214.44,75713750,206.42,214.66,203.80,780
October 20 2022,207.28,117798100,208.28,215.55,202.00,779
October 19 2022,222.04,66571480,219.80,222.93,217.78,778
October 18 2022,220.19,75891910,229.50,229.82,217.25,777
October 17 2022,219.35,79428810,210.04,221.86,209.45,776
October 14 2022,204.99,94124510,224.01,226.26,204.16,775
October 13 2022,221.72,91483050,208.30,222.99,206.22,774
October 12 2022,217.24,66860700,215.33,219.30,211.51,773
October 11 2022,216.50,77013200,220.95,225.75,215.00,772
October 10 2022,222.96,67925020,223.93,226.99,218.36,771
October 7 2022,223.07,83916800,233.94,234.57,222.02,770
October 6 2022,238.13,69298440,239.44,244.58,235.35,769
October 5 2022,240.81,86982670,245.01,246.67,233.27,768
October 4 2022,249.44,109578500,250.52,257.50,242.01,767
October 3 2022,242.40,98363540,254.50,255.16,241.01,766
September 30 2022,265.25,67726600,266.15,275.57,262.47,765
September 29 2022,268.21,77620640,282.76,283.65,265.78,764
September 28 2022,287.81,54664810,283.08,289.00,277.57,763
September 27 2022,282.94,61925190,283.84,288.67,277.51,762
September 26 2022,276.01,58076910,271.83,284.09,270.31,761
September 23 2022,275.33,63748360,283.09,284.50,272.82,760
September 22 2022,288.59,70545410,299.86,301.29,285.82,759
September 21 2022,300.80,62555660,308.29,313.80,300.63,758
September 20 2022,308.73,61642780,306.91,313.33,305.58,757
September 19 2022,309.07,60231160,300.09,309.84,297.80,756
September 16 2022,303.35,87087790,299.61,303.71,295.60,755
September 15 2022,303.75,64795520,301.83,309.12,300.72,754
September 14 2022,302.61,72628650,292.24,306.00,291.64,753
September 13 2022,292.13,68229620,292.90,297.40,290.40,752
September 12 2022,304.42,48674600,300.72,305.49,300.40,751
September 9 2022,299.68,54470850,291.67,299.85,291.25,750
September 8 2022,289.26,53713120,281.30,289.50,279.76,749
September 7 2022,283.70,50028920,273.10,283.84,272.27,748
September 6 2022,274.42,55859980,272.68,275.99,265.74,747
September 2 2022,270.21,50890090,281.07,282.35,269.08,746
September 1 2022,277.16,54287020,272.58,277.58,266.15,745
August 31 2022,275.61,52107340,280.62,281.25,271.81,744
August 30 2022,277.70,50541760,287.87,288.48,272.65,743
August 29 2022,284.82,41864740,282.83,287.74,280.70,742
August 26 2022,288.09,57163950,297.43,302.00,287.47,741
August 25 2022,296.07,53230010,302.36,302.96,291.60,740
August 24 2022,297.10,57259716,297.56,303.65,296.50,739
August 23 2022,296.45,63985056,291.45,298.83,287.92,738
August 22 2022,289.91,55843356,291.91,292.40,286.30,737
August 19 2022,296.67,61395396,299.00,300.36,292.50,736
August 18 2022,302.87,47500535,306.00,306.50,301.85,735
August 17 2022,304.00,68765977,303.40,309.66,300.03,734
August 16 2022,306.56,88136319,311.67,314.67,302.88,733
August 15 2022,309.32,89359179,301.79,313.13,301.23,732
August 12 2022,300.03,79657298,289.42,300.16,285.03,731
August 11 2022,286.63,70155067,296.51,298.24,285.83,730
August 10 2022,294.36,94918869,297.07,297.51,283.37,729
August 9 2022,283.33,86244699,290.29,292.40,279.35,728
August 8 2022,290.42,99365290,295.00,305.20,289.09,727
August 5 2022,288.17,113172911,302.67,304.61,285.54,726
August 4 2022,308.63,72256327,311.00,313.61,305.00,725
August 3 2022,307.40,80091128,305.00,309.55,301.15,724
August 2 2022,300.59,95577490,294.00,307.83,292.67,723
August 1 2022,297.28,117042912,301.28,311.88,295.00,722
July 29 2022,297.15,95312890,280.70,298.32,279.10,721
July 28 2022,280.90,84723008,280.07,283.30,272.80,720
July 27 2022,274.82,88110009,263.81,275.93,261.79,719
July 26 2022,258.86,66820777,266.51,267.31,256.26,718
July 25 2022,268.43,64073526,272.22,274.15,267.40,717
July 22 2022,272.24,103472860,276.22,280.79,270.71,716
July 21 2022,271.71,142032194,255.11,273.27,254.87,715
July 20 2022,247.50,88864089,246.78,250.66,243.48,714
July 19 2022,245.53,80890118,245.00,247.14,236.98,713
July 18 2022,240.55,82537448,244.94,250.52,239.60,712
July 15 2022,240.07,69683017,240.00,243.62,236.89,711
July 14 2022,238.31,78557498,234.90,238.65,229.33,710
July 13 2022,237.04,97954510,225.50,242.06,225.03,709
July 12 2022,233.07,87930969,236.85,239.77,228.37,708
July 11 2022,234.34,99509230,252.10,253.06,233.63,707
July 8 2022,250.76,101854090,242.33,254.98,241.16,706
July 7 2022,244.54,81930698,233.92,245.36,232.21,705
July 6 2022,231.73,71853637,230.78,234.56,227.19,704
July 5 2022,233.07,84779108,223.00,233.15,216.17,703
July 1 2022,227.26,74460457,227.00,230.23,222.12,702
June 30 2022,224.47,94600449,224.51,229.46,218.86,701
June 29 2022,228.49,82897268,230.50,231.17,222.27,700
June 28 2022,232.66,90666519,244.48,249.97,232.34,699
June 27 2022,244.92,89178309,249.37,252.07,242.57,698
June 24 2022,245.71,95770720,237.47,246.07,236.09,697
June 23 2022,235.07,104202700,237.91,239.32,228.64,696
June 22 2022,236.09,101527270,234.50,246.83,233.83,695
June 21 2022,237.04,122792982,224.60,243.58,224.33,694
June 17 2022,216.76,92641779,213.43,220.97,213.20,693
June 16 2022,213.10,107390711,222.74,225.17,208.69,692
June 15 2022,233.00,119131962,220.92,235.66,218.15,691
June 14 2022,220.89,97988800,218.29,226.33,211.74,690
June 13 2022,215.74,102767260,223.17,226.63,214.68,689
June 10 2022,232.23,98090920,235.16,239.50,227.91,688
June 9 2022,239.71,96491320,249.34,255.55,239.33,687
June 8 2022,241.87,76210628,240.09,249.96,239.18,686
June 7 2022,238.89,72808597,234.00,240.00,230.09,685
June 6 2022,238.28,84204518,244.35,244.87,234.35,684
June 3 2022,234.52,112393751,243.23,247.80,233.42,683
June 2 2022,258.33,93473139,244.16,264.21,242.07,682
June 1 2022,246.79,77247968,251.72,257.33,243.64,681
May 31 2022,252.75,101914390,257.95,259.60,244.74,680
May 27 2022,253.21,89294979,241.08,253.27,240.18,679
May 26 2022,235.91,106003361,220.47,239.56,217.89,678
May 25 2022,219.60,92139339,207.95,223.11,207.67,677
May 24 2022,209.39,89092539,217.84,217.97,206.86,676
May 23 2022,224.97,88903659,218.34,226.65,212.69,675
May 20 2022,221.30,144973334,238.00,240.53,211.00,674
May 19 2022,236.47,90296679,235.67,244.67,231.37,673
May 18 2022,236.60,87811809,248.17,253.50,233.60,672
May 17 2022,253.87,80236118,249.12,254.83,242.95,671
May 16 2022,241.46,86098539,255.72,256.59,239.70,670
May 13 2022,256.53,92150739,257.83,262.45,250.52,669
May 12 2022,242.67,140312864,233.67,253.22,226.67,668
May 11 2022,244.67,97224460,265.00,269.92,242.40,667
May 10 2022,266.68,84401648,273.10,275.12,258.08,666
May 9 2022,262.37,90810219,278.82,281.88,260.38,665
May 6 2022,288.55,72903127,295.67,296.00,281.04,664
May 5 2022,291.09,92519199,313.07,315.20,285.90,663
May 4 2022,317.54,81643718,301.31,318.50,295.09,662
May 3 2022,303.08,63709596,301.06,308.03,296.20,661
May 2 2022,300.98,75781388,286.92,302.12,282.68,660
April 29 2022,290.25,88133019,300.75,311.47,290.00,659
April 28 2022,292.50,124948542,299.99,300.00,273.90,658
April 27 2022,293.84,76956398,299.53,306.00,292.45,657
April 26 2022,292.14,136133684,331.81,333.33,291.67,656
April 25 2022,332.67,68341357,326.32,336.21,325.10,655
April 22 2022,335.02,69696577,338.30,344.95,331.33,654
April 21 2022,336.26,105416351,358.24,364.07,332.14,653
April 20 2022,325.73,70711327,343.33,344.67,325.08,652
April 19 2022,342.72,49847825,335.02,344.98,331.78,651
April 18 2022,334.76,51715235,329.68,338.31,324.47,650
April 14 2022,328.33,58422426,333.10,337.57,327.40,649
April 13 2022,340.79,55121226,327.03,342.08,324.37,648
April 12 2022,328.98,65976097,332.55,340.40,325.53,647
April 11 2022,325.31,59357226,326.80,336.16,324.88,646
April 8 2022,341.83,55013706,347.74,349.48,340.81,645
April 7 2022,352.42,79447058,350.80,358.86,340.51,644
April 6 2022,348.59,89348559,357.82,359.67,342.57,643
April 5 2022,363.75,80075018,378.77,384.29,362.43,642
April 4 2022,381.82,82177718,363.13,383.30,357.51,641
April 1 2022,361.53,54263225,360.38,364.92,355.55,640
March 31 2022,359.20,48992765,364.86,367.71,358.88,639
March 30 2022,364.66,59865006,363.72,371.32,361.33,638
March 29 2022,366.52,73614817,369.33,371.59,357.70,637
March 28 2022,363.95,102506080,355.03,365.96,351.20,636
March 25 2022,336.88,62031546,336.00,340.60,332.44,635
March 24 2022,337.97,68920897,336.58,341.50,329.60,634
March 23 2022,333.04,120676152,326.65,346.90,325.47,633
March 22 2022,331.33,105868571,310.00,332.62,307.25,632
March 21 2022,307.05,81981668,304.99,314.28,302.36,631
March 18 2022,301.80,100414210,291.50,302.62,289.13,630
March 17 2022,290.53,66582967,277.00,291.67,275.24,629
March 16 2022,280.08,84028838,269.67,280.67,267.42,628
March 15 2022,267.30,66841147,258.42,268.52,252.19,627
March 14 2022,255.46,71152267,260.20,266.90,252.01,626
March 11 2022,265.12,67037167,280.07,281.27,264.59,625
March 10 2022,279.43,58648656,283.82,284.82,270.12,624
March 9 2022,286.32,59183976,279.83,286.85,277.34,623
March 8 2022,274.80,80399108,265.18,283.33,260.72,622
March 7 2022,268.19,72494167,285.43,288.71,268.19,621
March 4 2022,279.43,67179877,283.03,285.22,275.05,620
March 3 2022,279.76,61623516,292.92,295.48,277.53,619
March 2 2022,293.30,74643457,290.71,295.49,281.42,618
March 1 2022,288.12,74766877,289.89,296.63,284.59,617
February 28 2022,290.14,99006880,271.67,292.29,271.57,616
February 25 2022,269.96,76067768,269.74,273.17,260.80,615
February 24 2022,266.92,135322304,233.46,267.49,233.33,614
February 23 2022,254.68,95257030,276.81,278.43,253.52,613
February 22 2022,273.84,83288198,278.04,285.58,267.03,612
February 18 2022,285.66,68501857,295.33,295.62,279.20,611
February 17 2022,292.12,55178436,304.42,306.17,291.37,610
February 16 2022,307.80,51294395,304.68,308.81,300.40,609
February 15 2022,307.48,57649536,300.00,307.67,297.79,608
February 14 2022,291.92,67756417,287.19,299.63,284.38,607
February 11 2022,286.67,79645868,303.21,305.32,283.57,606
February 10 2022,301.52,66126847,302.79,314.60,298.90,605
February 9 2022,310.67,52259555,311.67,315.42,306.67,604
February 8 2022,307.33,50729015,301.84,308.76,298.27,603
February 7 2022,302.45,60994476,307.93,315.92,300.90,602
February 4 2022,307.77,73625467,299.07,312.17,293.72,601
February 3 2022,297.05,78855578,294.00,312.33,293.51,600
February 2 2022,301.89,66793057,309.39,310.50,296.47,599
February 1 2022,310.42,73138357,311.74,314.57,301.67,598
January 31 2022,312.24,104436100,290.90,312.66,287.35,597
January 28 2022,282.12,134788963,277.19,285.83,264.00,596
January 27 2022,276.37,147109575,311.12,311.80,276.33,595
January 26 2022,312.47,104867290,317.48,329.23,302.00,594
January 25 2022,306.13,86595909,304.73,317.09,301.07,593
January 24 2022,310.00,152375145,301.59,311.17,283.82,592
January 21 2022,314.63,103416040,332.11,334.85,313.50,591
January 20 2022,332.09,70488757,336.58,347.22,331.33,590
January 19 2022,331.88,75442508,347.24,351.56,331.67,589
January 18 2022,343.50,66989407,342.20,356.93,338.69,588
January 14 2022,349.87,72924427,339.96,350.67,337.79,587
January 13 2022,343.85,97209790,369.69,371.87,342.18,586
January 12 2022,368.74,83739038,359.62,371.61,357.53,585
January 11 2022,354.80,66063217,351.22,358.62,346.27,584
January 10 2022,352.71,91814889,333.33,353.03,326.67,583
January 7 2022,342.32,84164768,360.12,360.31,336.67,582
January 6 2022,354.90,90336489,359.00,362.67,340.17,581
January 5 2022,362.71,80119808,382.22,390.11,360.34,580
January 4 2022,383.20,100248280,396.52,402.67,374.35,579
January 3 2022,399.93,104686060,382.58,400.36,378.68,578
December 31 2021,352.26,40733644,357.81,360.67,351.53,577
December 30 2021,356.78,47040935,353.78,365.18,351.05,576
December 29 2021,362.06,56154066,366.21,368.00,354.71,575
December 28 2021,362.82,60323916,369.83,373.00,359.47,574
December 27 2021,364.65,71145817,357.89,372.33,356.91,573
December 23 2021,355.67,92713299,335.60,357.66,332.52,572
December 22 2021,336.29,93634089,321.89,338.55,319.02,571
December 21 2021,312.84,71517937,305.62,313.17,295.37,570
December 20 2021,299.98,56480016,303.57,307.23,297.80,569
December 17 2021,310.86,100880260,304.92,320.22,303.01,568
December 16 2021,308.97,82771448,331.50,331.66,307.28,567
December 15 2021,325.33,75169238,317.74,326.25,309.42,566
December 14 2021,319.50,70806277,315.00,322.14,310.00,565
December 13 2021,322.14,78595508,333.70,335.00,317.14,564
December 10 2021,339.01,59664366,336.25,340.33,327.51,563
December 9 2021,334.60,59438496,353.55,354.16,334.12,562
December 8 2021,356.32,41906374,350.90,357.46,344.33,561
December 7 2021,350.58,56084586,348.07,352.56,342.27,560
December 6 2021,336.34,81663128,333.84,340.55,316.83,559
December 3 2021,338.32,92322009,361.60,363.53,333.40,558
December 2 2021,361.53,73114867,366.35,371.00,352.22,557
December 1 2021,365.00,68804107,386.90,390.95,363.59,556
November 30 2021,381.59,81276128,381.46,389.33,372.67,555
November 29 2021,379.00,58393416,367.00,380.89,366.73,554
November 26 2021,360.64,35042674,366.49,369.59,360.33,553
November 24 2021,372.00,67680727,360.13,377.59,354.00,552
November 23 2021,369.68,108515111,389.17,393.50,354.23,551
November 22 2021,385.62,99217540,387.44,400.65,377.48,550
November 19 2021,379.02,64926786,366.29,379.57,364.23,549
November 18 2021,365.46,62696796,368.85,370.67,358.34,548
November 17 2021,363.00,94336119,354.50,373.21,351.83,547
November 16 2021,351.58,79627088,334.44,352.40,334.06,546
November 15 2021,337.80,104326960,339.21,343.99,326.20,545
November 12 2021,344.47,76719458,349.17,351.50,339.73,544
November 11 2021,354.50,67189717,367.59,368.32,351.56,543
November 10 2021,355.98,128408173,336.80,359.37,329.10,542
November 9 2021,341.17,177317538,391.20,391.50,337.17,541
November 8 2021,387.65,100337170,383.26,399.00,377.67,540
November 5 2021,407.36,64886436,409.33,413.29,402.67,539
November 4 2021,409.97,76192238,411.47,414.50,405.67,538
November 3 2021,404.62,103885570,392.44,405.13,384.21,537
November 2 2021,390.67,128213413,386.45,402.86,382.00,536
November 1 2021,402.86,168146177,381.67,403.25,372.89,535
October 29 2021,371.33,89755269,360.62,371.74,357.74,534
October 28 2021,359.01,81639518,356.10,360.33,351.40,533
October 27 2021,345.95,115579392,346.55,356.96,343.59,532
October 26 2021,339.48,187244929,341.56,364.98,333.81,531
October 25 2021,341.62,188556319,316.84,348.34,314.73,530
October 22 2021,303.23,68642527,298.50,303.33,296.99,529
October 21 2021,298.00,94444359,285.33,300.00,285.17,528
October 20 2021,288.60,42096154,288.45,289.83,285.79,527
October 19 2021,288.09,52143395,292.51,292.65,287.50,526
October 18 2021,290.04,72621727,283.93,291.75,283.82,525
October 15 2021,281.01,56773716,274.58,281.07,274.12,524
October 14 2021,272.77,36741514,271.83,273.42,271.12,523
October 13 2021,270.36,42360244,270.16,271.80,268.59,522
October 12 2021,268.57,66060127,266.98,270.77,265.52,521
October 11 2021,263.98,42600964,262.55,267.08,261.83,520
October 8 2021,261.83,50215805,265.40,265.46,260.30,519
October 7 2021,264.54,57587346,261.82,268.33,261.13,518
October 6 2021,260.92,43898314,258.73,262.22,257.74,517
October 5 2021,260.20,55297896,261.60,265.77,258.07,516
October 4 2021,260.51,91450029,265.50,268.99,258.71,515
October 1 2021,258.41,51094235,259.47,260.26,254.53,514
September 30 2021,258.49,53867885,260.33,263.04,258.33,513
September 29 2021,260.44,62828646,259.93,264.50,256.89,512
September 28 2021,259.19,76144268,262.40,265.21,255.39,511
September 27 2021,263.79,84211988,257.71,266.33,256.44,510
September 24 2021,258.13,64119066,248.63,258.27,248.19,509
September 23 2021,251.21,35842594,251.67,252.73,249.31,508
September 22 2021,250.65,45378815,247.84,251.22,246.37,507
September 21 2021,246.46,48992165,244.93,248.25,243.48,506
September 20 2021,243.39,74272957,244.85,247.33,239.54,505
September 17 2021,253.16,84612548,252.38,253.68,250.00,504
September 16 2021,252.33,41770174,250.94,252.97,249.20,503
September 15 2021,251.94,46073075,248.33,252.29,246.12,502
September 14 2021,248.16,55574646,247.52,251.49,245.47,501
September 13 2021,247.67,68857447,246.74,248.26,236.28,500
September 10 2021,245.42,45552515,253.20,254.20,244.84,499
September 9 2021,251.62,42233194,251.14,254.03,250.54,498
September 8 2021,251.29,56379126,253.86,254.82,246.92,497
September 7 2021,250.97,60119496,246.67,253.40,246.42,496
September 3 2021,244.52,45813155,244.08,244.67,241.40,495
September 2 2021,244.13,38390224,244.83,246.99,243.51,494
September 1 2021,244.70,39613024,244.69,247.33,243.76,493
August 31 2021,245.24,62566326,244.33,246.80,242.15,492
August 30 2021,243.64,55812666,238.24,243.67,237.58,491
August 27 2021,237.31,41501284,235.00,238.33,234.03,490
August 26 2021,233.72,39642874,236.10,238.47,232.54,489
August 25 2021,237.07,37936684,235.68,238.99,234.67,488
August 24 2021,236.16,39249214,236.89,238.41,234.21,487
August 23 2021,235.43,60794586,228.48,237.38,226.92,486
August 20 2021,226.75,44525614,227.62,230.71,224.57,485
August 19 2021,224.49,42940474,226.07,228.85,222.53,484
August 18 2021,229.66,61048146,223.25,231.92,223.12,483
August 17 2021,221.90,71163847,224.22,224.86,216.28,482
August 16 2021,228.72,69309907,235.02,236.50,225.47,481
August 13 2021,239.06,50194415,241.24,243.30,238.11,480
August 12 2021,240.75,53045075,235.45,240.93,233.13,479
August 11 2021,235.94,29401677,237.57,238.39,234.74,478
August 10 2021,236.66,40296934,238.00,238.86,233.96,477
August 9 2021,237.92,44146054,236.72,239.68,235.04,476
August 6 2021,233.03,46869155,237.30,238.78,232.54,475
August 5 2021,238.21,38758924,238.67,240.32,237.14,474
August 4 2021,236.97,51007955,237.00,241.63,236.31,473
August 3 2021,236.58,64860756,239.67,240.88,233.67,472
August 2 2021,236.56,100847320,233.33,242.31,232.80,471
July 30 2021,229.07,88969239,223.92,232.51,223.00,470
July 29 2021,225.78,91183929,216.60,227.90,216.27,469
July 28 2021,215.66,48019805,215.67,218.32,213.13,468
July 27 2021,214.93,98439880,221.13,222.17,209.08,467
July 26 2021,219.21,76009688,216.99,222.73,215.70,466
July 23 2021,214.46,43814824,215.45,216.27,212.43,465
July 22 2021,216.42,45317195,218.81,220.72,214.87,464
July 21 2021,218.43,41860024,219.87,221.62,216.76,463
July 20 2021,220.17,46461395,217.33,220.80,213.50,462
July 19 2021,215.41,63891276,209.96,215.73,207.10,461
July 16 2021,214.74,49112915,218.23,218.90,214.07,460
July 15 2021,216.87,60628716,219.46,222.05,212.63,459
July 14 2021,217.79,64923576,223.58,226.20,217.61,458
July 13 2021,222.85,62898276,228.77,231.09,222.10,457
July 12 2021,228.57,77781128,220.73,229.08,220.72,456
July 9 2021,218.98,54421655,217.73,219.64,214.90,455
July 8 2021,217.60,68319967,209.46,218.14,206.82,454
July 7 2021,214.88,56375886,221.42,221.90,212.77,453
July 6 2021,219.86,69853357,227.24,228.00,217.13,452
July 2 2021,226.30,81292118,226.33,233.33,224.42,451
July 1 2021,225.97,55903566,227.97,229.33,224.27,450
June 30 2021,226.57,56774586,226.59,230.94,226.05,449
June 29 2021,226.92,52143935,228.22,229.17,225.30,448
June 28 2021,229.57,64884486,223.88,231.57,223.44,447
June 25 2021,223.96,97490140,229.86,231.27,222.90,446
June 24 2021,226.61,137947184,225.00,232.54,222.54,445
June 23 2021,218.86,93297699,210.67,219.07,210.01,444
June 22 2021,207.90,57476676,206.08,209.52,205.17,443
June 21 2021,206.94,74438227,208.16,210.46,202.96,442
June 18 2021,207.77,73682737,204.46,209.45,203.93,441
June 17 2021,205.53,68104057,200.63,207.16,200.45,440
June 16 2021,201.62,66432397,199.18,202.83,197.83,439
June 15 2021,199.79,53292455,205.56,205.60,199.41,438
June 14 2021,205.90,61271946,204.08,208.50,203.06,437
June 11 2021,203.30,48615905,203.41,204.19,200.51,436
June 10 2021,203.37,71758837,201.29,205.53,200.17,435
June 9 2021,199.59,49753715,200.72,203.93,199.21,434
June 8 2021,201.20,78160238,207.67,207.70,198.50,433
June 7 2021,201.71,67631047,197.28,203.33,194.29,432
June 4 2021,199.68,72110707,193.24,200.20,192.40,431
June 3 2021,190.95,90335679,200.60,201.52,190.41,430
June 2 2021,201.71,69908347,206.71,207.79,199.71,429
June 1 2021,207.97,54254675,209.27,211.27,206.85,428
May 28 2021,208.41,68211127,209.50,211.86,207.46,427
May 27 2021,210.28,79111778,206.75,210.38,205.40,426
May 26 2021,206.38,85917939,202.52,208.72,200.50,425
May 25 2021,201.56,84017798,202.44,204.66,198.57,424
May 24 2021,202.15,103674280,193.87,204.83,191.22,423
May 21 2021,193.63,78091808,198.70,198.89,193.33,422
May 20 2021,195.59,92463369,191.67,196.28,190.36,421
May 19 2021,187.82,118735212,184.18,188.74,182.33,420
May 18 2021,192.62,110491721,189.33,198.75,187.79,419
May 17 2021,192.28,96743410,191.85,196.58,187.07,418
May 14 2021,196.58,100112590,194.47,197.62,190.15,417
May 13 2021,190.56,132554773,200.52,202.15,186.55,416
May 12 2021,196.63,101470960,200.83,206.80,195.59,415
May 11 2021,205.73,139511714,199.75,209.03,198.53,414
May 10 2021,209.68,94177269,221.63,221.68,209.20,413
May 7 2021,224.12,70407517,221.93,230.00,220.07,412
May 6 2021,221.18,83353868,226.92,227.01,216.67,411
May 5 2021,223.65,65705677,227.02,228.43,222.45,410
May 4 2021,224.53,89217969,226.31,227.82,219.23,409
May 3 2021,228.30,81129428,234.60,235.33,226.83,408
April 30 2021,236.48,122276172,222.53,238.49,222.05,407
April 29 2021,225.67,86536359,233.17,234.08,222.83,406
April 28 2021,231.47,66813157,232.14,236.17,231.20,405
April 27 2021,234.91,88311009,239.32,241.33,234.45,404
April 26 2021,246.07,93115509,247.00,249.77,244.20,403
April 23 2021,243.13,85241679,239.93,245.79,238.49,402
April 22 2021,239.90,106770791,247.17,251.26,239.35,401
April 21 2021,248.04,93646539,234.92,248.28,232.67,400
April 20 2021,239.66,106827131,239.14,245.75,236.90,399
April 19 2021,238.21,119058702,239.87,241.80,230.60,398
April 16 2021,246.59,83938598,242.88,249.80,241.53,397
April 15 2021,246.28,83546708,247.70,247.90,240.44,396
April 14 2021,244.08,147052305,256.90,260.26,242.68,395
April 13 2021,254.11,133958443,237.57,254.33,236.89,394
April 12 2021,233.99,87407019,228.57,234.93,227.36,393
April 9 2021,225.67,64311276,225.92,226.99,223.14,392
April 8 2021,227.93,71772997,225.79,229.85,223.88,391
April 7 2021,223.66,78928298,229.00,230.46,222.61,390
April 6 2021,230.54,84815528,230.10,232.18,227.12,389
April 5 2021,230.35,125528323,235.90,236.05,228.23,388
April 1 2021,220.58,105895151,229.46,230.81,219.81,387
March 31 2021,222.64,100011880,215.54,224.00,213.70,386
March 30 2021,211.87,118297092,200.58,212.55,197.00,385
March 29 2021,203.76,85910979,205.21,205.49,198.67,384
March 26 2021,206.24,101558500,213.96,214.61,199.96,383
March 25 2021,213.46,117674562,204.33,215.17,203.17,382
March 24 2021,210.09,101385520,222.64,222.67,210.04,381
March 23 2021,220.72,91475619,225.26,225.93,219.17,380
March 22 2021,223.33,118536672,228.20,233.21,222.92,379
March 19 2021,218.29,128681953,215.53,219.08,208.21,378
March 18 2021,217.72,100107070,228.10,229.74,217.33,377
March 17 2021,233.94,121117362,218.96,234.58,217.00,376
March 16 2021,225.63,96587020,234.45,235.97,223.67,375
March 15 2021,235.98,88270449,231.36,237.73,228.01,374
March 12 2021,231.24,100751530,223.33,231.63,222.05,373
March 11 2021,233.20,108761681,233.13,234.17,225.73,372
March 10 2021,222.69,181817028,233.43,239.28,218.35,371
March 9 2021,224.53,202570010,202.73,226.03,198.40,370
March 8 2021,187.67,155360896,200.18,206.71,186.26,369
March 5 2021,199.32,268189407,208.69,209.28,179.83,368
March 4 2021,207.15,197758610,218.60,291.31,200.00,367
March 3 2021,217.73,90623889,229.33,233.57,217.24,366
March 2 2021,228.81,71196487,239.43,240.37,228.33,365
March 1 2021,239.48,81408728,230.04,290.67,228.35,364
February 26 2021,225.17,123267522,233.33,235.57,219.84,363
February 25 2021,227.41,117071592,242.05,245.74,223.53,362
February 24 2021,247.34,110300861,237.28,248.33,231.39,361
February 23 2021,232.95,199820660,220.71,237.87,206.33,360
February 22 2021,238.17,111809171,254.21,256.17,236.73,359
February 19 2021,260.43,56874786,265.00,265.60,259.12,358
February 18 2021,262.46,53871185,260.30,264.90,258.76,357
February 17 2021,266.05,78236708,259.70,266.61,254.00,356
February 16 2021,265.41,59406966,272.67,273.67,264.15,355
February 12 2021,272.04,71304937,267.09,272.44,261.78,354
February 11 2021,270.55,64868256,270.81,276.63,267.24,353
February 10 2021,268.27,108648281,281.21,281.61,266.67,352
February 9 2021,283.15,45472955,285.04,286.60,280.58,351
February 8 2021,287.81,60485166,289.89,292.59,284.92,350
February 5 2021,284.08,55699926,281.67,288.26,279.66,349
February 4 2021,283.33,47437985,285.00,285.50,277.81,348
February 3 2021,284.90,55030536,292.34,292.69,284.35,347
February 2 2021,290.93,73038637,281.56,293.50,280.73,346
February 1 2021,279.94,76174178,271.43,280.67,265.19,345
January 29 2021,264.51,104972260,276.67,280.80,260.03,344
January 28 2021,278.48,79134158,273.33,282.67,267.00,343
January 27 2021,288.05,82001888,290.12,297.17,286.22,342
January 26 2021,294.36,69394807,297.13,298.63,290.53,341
January 25 2021,293.60,123520212,285.00,300.13,279.61,340
January 22 2021,282.21,60199506,278.10,282.67,276.21,339
January 21 2021,281.66,61794396,285.00,285.24,280.47,338
January 20 2021,283.48,76997648,286.25,286.50,279.09,337
January 19 2021,281.52,76100948,279.27,283.33,277.67,336
January 15 2021,275.39,116332812,284.00,286.63,273.03,335
January 14 2021,281.67,93798999,281.13,287.67,279.58,334
January 13 2021,284.80,99937510,284.25,286.82,277.33,333
January 12 2021,283.15,138812174,277.00,289.33,275.78,332
January 11 2021,270.40,178662468,283.13,284.81,267.87,331
January 8 2021,293.34,225166613,285.33,294.83,279.46,330
January 7 2021,272.01,154496865,259.21,272.33,258.40,329
January 6 2021,251.99,134099923,252.83,258.00,249.70,328
January 5 2021,245.04,96735520,241.22,246.95,239.73,327
January 4 2021,243.26,145914585,239.82,248.16,239.06,326
December 31 2020,235.22,148949805,233.33,239.57,230.37,325
December 30 2020,231.59,128538073,224.00,232.20,222.79,324
December 29 2020,222.00,68732437,220.33,223.30,218.33,323
December 28 2020,221.23,96835690,224.84,227.13,220.27,322
December 24 2020,220.59,68596717,214.33,222.03,213.67,321
December 23 2020,215.33,99518920,210.73,217.17,207.52,320
December 22 2020,213.45,155584936,216.00,216.63,204.74,319
December 21 2020,216.62,174135797,222.08,222.83,215.36,318
December 18 2020,231.67,666378667,222.97,231.67,209.51,317
December 17 2020,218.63,168810437,209.40,219.61,206.50,316
December 16 2020,207.59,126287443,209.41,210.83,201.67,315
December 15 2020,211.08,135670694,214.43,215.63,207.93,314
December 14 2020,213.28,156121966,206.33,214.25,203.40,313
December 11 2020,203.33,139424924,205.00,208.00,198.93,312
December 10 2020,209.02,201249470,191.46,209.25,188.78,311
December 9 2020,201.49,213873591,217.90,218.11,196.00,310
December 8 2020,216.63,192795109,208.50,217.09,206.17,309
December 7 2020,213.92,168929147,201.64,216.26,201.02,308
December 4 2020,199.68,88203939,197.00,199.68,195.17,307
December 3 2020,197.79,127656013,196.67,199.66,194.14,306
December 2 2020,189.61,143326964,185.48,190.51,180.40,305
December 1 2020,194.92,121148502,199.20,199.28,190.68,304
November 30 2020,189.20,189009169,200.74,202.60,184.84,303
November 27 2020,195.25,112683251,193.72,199.59,192.82,302
November 25 2020,191.33,146790495,183.35,191.33,181.79,301
November 24 2020,185.13,160945486,180.13,186.66,175.40,300
November 23 2020,173.95,150780915,167.83,175.33,167.26,299
November 20 2020,163.20,98735770,166.00,167.50,163.02,298
November 19 2020,166.42,187426069,164.00,169.54,162.52,297
November 18 2020,162.21,234132083,149.45,165.33,147.83,296
November 17 2020,147.20,183564858,153.39,154.00,144.34,295
November 16 2020,136.03,80515928,136.31,137.48,134.70,294
November 13 2020,136.17,59491056,136.95,137.51,133.89,293
November 12 2020,137.25,59821506,138.35,141.00,136.51,292
November 11 2020,139.04,52073165,138.82,139.57,136.86,291
November 10 2020,136.79,90852669,140.03,140.03,132.01,290
November 9 2020,140.42,104499100,146.50,150.83,140.33,289
November 6 2020,143.32,65118037,145.37,145.52,141.43,288
November 5 2020,146.03,85243569,142.77,146.67,141.33,287
November 4 2020,140.33,96429190,143.54,145.13,139.03,286
November 3 2020,141.30,103055170,136.58,142.59,135.56,285
November 2 2020,133.50,87063369,131.33,135.66,130.77,284
October 30 2020,129.35,127762933,135.63,135.86,126.37,283
October 29 2020,136.94,67965937,136.65,139.35,135.49,282
October 28 2020,135.34,76354238,138.83,139.53,135.33,281
October 27 2020,141.56,68059537,141.25,143.50,140.03,280
October 26 2020,140.09,84717488,137.21,141.92,136.67,279
October 23 2020,140.21,101150950,140.61,140.96,135.79,278
October 22 2020,141.93,119979582,147.31,148.41,141.50,277
October 21 2020,140.88,97111390,140.90,144.32,140.42,276
October 20 2020,140.65,94968879,143.92,143.92,139.68,275
October 19 2020,143.61,108863531,148.75,149.00,142.96,274
October 16 2020,146.56,98327650,151.48,151.98,146.28,273
October 15 2020,149.63,107017061,150.10,152.19,147.50,272
October 14 2020,153.77,144136184,149.93,155.30,149.12,271
October 13 2020,148.88,103391020,147.78,149.63,145.53,270
October 12 2020,147.43,116373402,147.33,149.58,146.19,269
October 9 2020,144.67,86776989,143.38,144.86,142.15,268
October 8 2020,141.97,121263372,146.15,146.33,141.77,267
October 7 2020,141.77,129383143,139.96,143.30,137.95,266
October 6 2020,137.99,147438795,141.26,142.93,135.35,265
October 5 2020,141.89,134168383,141.12,144.55,139.78,264
October 2 2020,138.36,214290111,140.46,146.38,138.33,263
October 1 2020,149.39,152224365,146.92,149.63,144.81,262
September 30 2020,143.00,144436724,140.44,144.64,140.16,261
September 29 2020,139.69,151024215,138.67,142.83,137.20,260
September 28 2020,140.40,149158695,141.54,142.69,138.52,259
September 25 2020,135.78,201625400,131.16,136.24,130.43,258
September 24 2020,129.26,289683209,121.27,133.17,117.10,257
September 23 2020,126.79,285222569,135.05,137.38,125.29,256
September 22 2020,141.41,238742424,143.20,145.92,139.20,255
September 21 2020,149.80,328430433,151.04,151.89,135.69,254
September 18 2020,147.38,259220486,149.31,150.33,142.93,253
September 17 2020,141.14,230337503,138.53,145.93,136.00,252
September 16 2020,147.25,217640302,146.62,152.60,145.10,251
September 15 2020,149.92,291894719,145.52,153.98,143.57,250
September 14 2020,139.87,249061855,126.98,140.00,124.43,249
September 11 2020,124.24,182152398,127.31,127.50,120.17,248
September 10 2020,123.78,254791855,128.74,133.00,120.19,247
September 9 2020,122.09,238397334,118.87,123.00,113.84,246
September 8 2020,110.07,346397135,118.67,122.91,109.96,245
September 4 2020,139.44,330965733,134.27,142.67,124.01,244
September 3 2020,135.67,262788296,135.74,143.93,134.00,243
September 2 2020,149.12,288528419,159.66,159.68,135.04,242
September 1 2020,158.35,270358287,167.38,167.50,156.84,241
August 31 2020,166.11,355123236,148.20,166.71,146.70,240
August 28 2020,147.56,301217549,153.01,154.57,145.77,239
August 27 2020,149.25,355395422,145.36,153.04,142.83,238
August 26 2020,143.54,213590593,137.33,144.40,136.91,237
August 25 2020,134.89,159883270,131.66,135.20,131.20,236
August 24 2020,134.28,300954150,141.75,141.93,128.50,235
August 21 2020,136.67,322343239,136.32,139.70,135.00,234
August 20 2020,133.46,309176845,124.05,134.80,123.80,233
August 19 2020,125.24,183079858,124.33,127.40,122.75,232
August 18 2020,125.81,247117226,126.60,128.26,123.01,231
August 17 2020,122.38,303634648,111.80,123.06,111.52,230
August 14 2020,110.05,188664056,111.00,111.25,108.44,229
August 13 2020,108.07,306379497,107.40,110.08,104.48,228
August 12 2020,103.65,328482286,98.00,105.67,95.67,227
August 11 2020,91.63,129387445,93.07,94.67,91.00,226
August 10 2020,94.57,112833904,96.53,97.17,92.39,225
August 7 2020,96.85,133446233,99.97,99.98,94.33,224
August 6 2020,99.31,89884650,99.39,101.15,98.48,223
August 5 2020,99.00,74670188,99.53,99.99,97.89,222
August 4 2020,99.13,126224787,99.67,101.83,97.47,221
August 3 2020,99.00,132140124,96.61,100.65,96.29,220
July 31 2020,95.38,183704308,101.00,101.14,94.73,219
July 30 2020,99.17,114315528,99.20,100.88,98.07,218
July 29 2020,99.94,141403324,100.07,102.32,99.13,217
July 28 2020,98.43,237130381,100.27,104.31,98.29,216
July 27 2020,102.64,240729930,95.67,103.20,94.20,215
July 24 2020,94.47,290949155,94.40,97.67,91.10,214
July 23 2020,100.87,364927318,111.93,112.60,98.72,213
July 22 2020,106.16,212416094,106.60,108.43,104.13,212
July 21 2020,104.56,242359079,109.33,111.67,103.87,211
July 20 2020,109.53,256820422,101.27,110.00,99.20,210
July 17 2020,100.06,139949510,100.90,102.50,99.33,209
July 16 2020,100.04,214511743,98.48,102.11,97.73,208
July 15 2020,103.07,245517327,102.87,103.33,97.13,207
July 14 2020,101.12,351271924,103.73,106.00,95.40,206
July 13 2020,99.80,584780108,110.60,119.67,98.07,205
July 10 2020,102.98,350063075,93.07,103.26,91.73,204
July 9 2020,92.95,175763912,93.13,93.90,90.09,203
July 8 2020,91.06,244669528,93.67,94.48,87.42,202
July 7 2020,92.66,322344739,93.67,95.30,89.11,201
July 6 2020,91.44,308547746,85.11,91.85,84.40,200
July 2 2020,80.58,258751671,81.43,81.87,79.04,199
July 1 2020,74.64,199903400,72.20,75.69,72.03,198
June 30 2020,71.99,253777373,67.10,72.51,66.92,197
June 29 2020,67.29,135395992,64.60,67.33,63.23,196
June 26 2020,63.98,132823554,66.32,66.33,63.66,195
June 25 2020,65.73,138818166,63.62,65.73,62.48,194
June 24 2020,64.06,164393768,66.27,66.73,63.54,193
June 23 2020,66.79,95479017,66.59,67.47,66.27,192
June 22 2020,66.29,95435202,66.66,67.26,66.00,191
June 19 2020,66.73,130196170,67.52,67.73,66.09,190
June 18 2020,66.93,146278967,66.87,67.95,66.30,189
June 17 2020,66.12,148361926,65.85,67.00,65.50,188
June 16 2020,65.48,210766095,67.46,67.53,64.16,187
June 15 2020,66.06,235457582,61.19,66.59,60.57,186
June 12 2020,62.35,251450424,65.33,65.87,60.84,185
June 11 2020,64.86,238747081,66.01,67.93,64.80,184
June 10 2020,68.34,278451011,66.13,68.50,65.50,183
June 9 2020,62.71,170822165,62.67,63.63,61.60,182
June 8 2020,63.33,212620844,61.27,63.33,60.61,181
June 5 2020,59.04,117178696,58.52,59.10,57.75,180
June 4 2020,57.63,133315628,59.33,59.72,57.23,179
June 3 2020,58.86,119241975,59.21,59.86,58.67,178
June 2 2020,58.77,203483898,59.65,60.58,58.07,177
June 1 2020,59.87,226279387,57.20,59.93,56.94,176
May 29 2020,55.67,177187261,53.92,55.67,53.61,175
May 28 2020,53.72,109136555,54.23,54.98,53.45,174
May 27 2020,54.68,173242863,54.72,55.18,52.33,173
May 26 2020,54.59,121345979,55.63,55.64,54.38,172
May 22 2020,54.46,149812050,54.81,55.45,54.13,171
May 21 2020,55.17,183818608,54.40,55.50,53.07,170
May 20 2020,54.37,109639010,54.70,55.07,54.12,169
May 19 2020,53.87,144547758,54.34,54.80,53.74,168
May 18 2020,54.24,175471412,55.19,55.65,53.59,167
May 15 2020,53.28,157776371,52.69,53.67,52.44,166
May 14 2020,53.56,205232747,52.00,53.56,50.93,165
May 13 2020,52.73,285982207,54.72,55.07,50.89,164
May 12 2020,53.96,238603531,55.13,56.22,53.87,163
May 11 2020,54.09,247793876,52.70,54.93,52.33,162
May 8 2020,54.63,241951229,52.92,54.93,52.47,161
May 7 2020,52.00,172915264,51.81,53.09,51.49,160
May 6 2020,52.17,166848367,51.77,52.65,50.74,159
May 5 2020,51.21,254874773,52.65,53.26,50.81,158
May 4 2020,50.75,288556206,46.73,50.80,46.53,157
May 1 2020,46.75,487976906,50.33,51.52,45.54,156
April 30 2020,52.13,427077536,57.01,57.99,50.90,155
April 29 2020,53.37,243239578,52.68,53.55,52.21,154
April 28 2020,51.27,228329286,53.04,53.67,50.45,153
April 27 2020,53.25,310221445,49.17,53.30,49.00,152
April 24 2020,48.34,198564051,47.39,48.72,46.55,151
April 23 2020,47.04,198550401,48.51,48.93,46.88,150
April 22 2020,48.81,213372343,46.93,48.93,45.91,149
April 21 2020,45.78,303136198,48.67,50.22,44.92,148
April 20 2020,49.76,221195439,48.85,51.04,47.48,147
April 17 2020,50.26,196923352,51.49,51.66,49.84,146
April 16 2020,49.68,309867745,47.80,50.63,47.11,145
April 15 2020,48.66,353654823,49.47,50.21,47.33,144
April 14 2020,47.33,458647421,46.60,49.46,46.16,143
April 13 2020,43.40,337131131,39.34,43.47,38.70,142
April 9 2020,38.20,204749898,37.47,38.35,37.14,141
April 8 2020,36.59,189840205,36.95,37.15,35.56,140
April 7 2020,36.36,268796566,36.33,37.67,35.49,139
April 6 2020,34.42,223527488,34.08,34.73,33.20,138
April 3 2020,32.00,338431031,33.97,34.37,31.23,137
April 2 2020,30.30,297876301,32.07,32.95,29.76,136
April 1 2020,32.10,200297600,33.60,34.26,31.67,135
March 31 2020,34.93,266572217,33.42,36.20,33.13,134
March 30 2020,33.48,179970960,34.02,34.44,32.75,133
March 27 2020,34.29,215661042,33.67,35.05,32.94,132
March 26 2020,35.21,261331069,36.49,37.33,34.15,131
March 25 2020,35.95,318341091,36.35,37.13,34.07,130
March 24 2020,33.67,343427378,31.82,34.25,31.60,129
March 23 2020,28.95,246818127,28.91,29.47,27.37,128
March 20 2020,28.50,424282288,29.21,31.80,28.39,127
March 19 2020,28.51,452931674,24.98,30.13,23.90,126
March 18 2020,24.08,356792222,25.93,26.99,23.37,125
March 17 2020,28.68,359918520,29.33,31.46,26.40,124
March 16 2020,29.67,307341746,31.30,32.99,29.48,123
March 13 2020,36.44,339603580,39.67,40.50,33.47,122
March 12 2020,37.37,283635608,38.73,39.63,36.42,121
March 11 2020,42.28,201203749,42.68,43.57,40.87,120
March 10 2020,43.02,233916483,43.96,44.53,40.53,119
March 9 2020,40.53,256105972,40.36,44.20,40.33,118
March 6 2020,46.90,189943705,46.00,47.13,45.62,117
March 5 2020,48.30,162789819,48.25,49.72,47.87,116
March 4 2020,49.97,225734587,50.93,51.10,48.32,115
March 3 2020,49.70,386759807,53.67,53.80,47.74,114
March 2 2020,49.57,302924699,47.42,49.58,45.78,113
February 28 2020,44.53,368462366,41.98,46.03,40.77,112
February 27 2020,45.27,364157218,48.67,49.32,44.60,111
February 26 2020,51.92,212307494,52.17,54.22,51.74,110
February 25 2020,53.33,259357070,56.60,57.11,52.47,109
February 24 2020,55.59,227882286,55.93,57.57,54.81,108
February 21 2020,60.07,215091642,60.47,60.87,58.70,107
February 20 2020,59.96,264523218,60.80,60.80,57.33,106
February 19 2020,61.16,381344209,61.57,62.99,60.07,105
February 18 2020,57.23,250475425,56.11,57.33,55.49,104
February 14 2020,53.34,235405532,52.48,54.20,52.37,103
February 13 2020,53.60,394340053,49.46,54.53,49.00,102
February 12 2020,51.15,180336960,51.86,52.65,50.89,101
February 11 2020,51.63,175461962,51.25,52.23,50.53,100
February 10 2020,51.42,370337215,53.33,54.67,50.16,99
February 7 2020,49.87,255952672,48.70,51.32,48.67,98
February 6 2020,49.93,598210951,46.66,53.06,45.80,97
February 5 2020,48.98,726357237,54.88,56.40,46.94,96
February 4 2020,59.14,914080943,58.86,64.60,55.59,95
February 3 2020,52.00,708502146,44.91,52.41,44.90,94
January 31 2020,43.37,235788932,42.67,43.53,42.17,93
January 30 2020,42.72,435084982,42.16,43.39,41.20,92
January 29 2020,38.73,273249913,38.38,39.32,37.83,91
January 28 2020,37.79,176827262,37.90,38.45,37.21,90
January 27 2020,37.20,204120948,36.13,37.63,35.95,89
January 24 2020,37.65,215303892,38.04,38.26,36.95,88
January 23 2020,38.15,294765453,37.62,38.80,37.04,87
January 22 2020,37.97,470535215,38.13,39.63,37.27,86
January 21 2020,36.48,267051916,35.35,36.57,35.23,85
January 17 2020,34.03,204435948,33.84,34.38,33.54,84
January 16 2020,34.23,326049587,32.92,34.30,32.81,83
January 15 2020,34.57,260532320,35.32,35.86,34.45,82
January 14 2020,35.86,435920482,36.28,36.49,34.99,81
January 13 2020,34.99,399518050,32.90,35.04,32.80,80
January 10 2020,31.88,194652353,32.12,32.33,31.58,79
January 9 2020,32.09,426947637,33.14,33.25,31.52,78
January 8 2020,32.81,467990616,31.58,33.23,31.22,77
January 7 2020,31.27,273136963,30.76,31.44,30.22,76
January 6 2020,30.10,152362424,29.36,30.10,29.33,75
January 3 2020,29.53,266920367,29.37,30.27,29.13,74
January 2 2020,28.68,143375718,28.30,28.71,28.11,73
December 31 2019,27.89,154386823,27.00,28.09,26.81,72
December 30 2019,27.65,189018955,28.59,28.60,27.28,71
December 27 2019,28.69,149352330,29.00,29.02,28.41,70
December 26 2019,28.73,159724270,28.53,28.90,28.42,69
December 24 2019,28.35,120820740,27.89,28.36,27.51,68
December 23 2019,27.95,199992200,27.45,28.13,27.33,67
December 20 2019,27.04,221778039,27.35,27.53,26.68,66
December 19 2019,26.94,271804514,26.49,27.12,26.43,65
December 18 2019,26.21,212045744,25.38,26.35,25.37,64
December 17 2019,25.27,127556561,25.27,25.70,25.06,63
December 16 2019,25.43,273313963,24.17,25.57,24.17,62
December 13 2019,23.89,98614166,24.07,24.35,23.64,61
December 12 2019,23.98,116643107,23.66,24.18,23.55,60
December 11 2019,23.51,103787378,23.46,23.81,23.41,59
December 10 2019,23.26,132599199,22.66,23.38,22.62,58
December 9 2019,22.64,135603187,22.44,22.96,22.34,57
December 6 2019,22.39,114283998,22.33,22.59,22.32,56
December 5 2019,22.02,56054612,22.19,22.29,21.82,55
December 4 2019,22.20,83043783,22.52,22.52,22.19,54
December 3 2019,22.41,99202090,22.17,22.53,22.15,53
December 2 2019,22.32,91229744,21.96,22.43,21.91,52
November 29 2019,22.00,36984417,22.07,22.08,21.83,51
November 27 2019,22.09,83451843,22.07,22.26,21.90,50
November 26 2019,21.93,119343525,22.35,22.37,21.81,49
November 25 2019,22.42,185186457,22.95,22.97,22.30,48
November 22 2019,22.20,253059473,22.68,22.73,22.00,47
November 21 2019,23.66,91650149,23.63,24.06,23.60,46
November 20 2019,23.48,101009424,24.00,24.08,23.30,45
November 19 2019,23.97,116041112,23.45,24.00,23.19,44
November 18 2019,23.33,66127542,23.53,23.54,23.07,43
November 15 2019,23.48,72188409,23.38,23.52,23.22,42
November 14 2019,23.29,97075496,23.07,23.59,22.86,41
November 13 2019,23.07,127017881,23.67,23.76,23.01,40
November 12 2019,23.33,110390690,23.13,23.36,22.94,39
November 11 2019,23.01,149905260,22.93,23.28,22.80,38
November 8 2019,22.48,91113269,22.30,22.50,22.17,37
November 7 2019,22.37,217010141,21.94,22.77,21.87,36
November 6 2019,21.77,119113920,21.20,21.78,20.97,35
November 5 2019,21.15,104151203,21.31,21.57,21.07,34
November 4 2019,21.16,131805534,20.99,21.46,20.62,33
November 1 2019,20.89,95758887,21.09,21.10,20.65,32
October 31 2019,20.99,76004302,20.87,21.27,20.87,31
October 30 2019,21.00,144627078,20.87,21.25,20.66,30
October 29 2019,21.08,190263955,21.33,21.62,20.98,29
October 28 2019,21.85,283054208,21.84,22.72,21.51,28
October 25 2019,21.88,450091125,19.85,22.00,19.74,27
October 24 2019,19.98,447288226,19.89,20.33,19.28,26
October 23 2019,16.98,168242616,16.97,17.08,16.76,25
October 22 2019,17.04,69376390,16.95,17.22,16.72,24
October 21 2019,16.90,76621477,17.22,17.30,16.68,23
October 18 2019,17.13,86304947,17.38,17.52,17.01,22
October 17 2019,17.46,71685609,17.50,17.65,17.34,21
October 16 2019,17.32,100564495,17.16,17.47,17.13,20
October 15 2019,17.19,97191791,17.18,17.33,16.94,19
October 14 2019,17.13,153402823,16.53,17.24,16.48,18
October 11 2019,16.53,127322321,16.48,16.74,16.45,17
October 10 2019,16.32,94701208,16.35,16.62,16.11,16
October 9 2019,16.30,104025443,16.09,16.49,16.04,15
October 8 2019,16.00,130535005,15.72,16.26,15.63,14
October 7 2019,15.85,121304294,15.32,15.90,15.24,13
October 4 2019,15.43,120317640,15.44,15.65,15.20,12
October 3 2019,15.54,227066286,15.46,15.63,14.95,11
October 2 2019,16.21,93848173,16.22,16.31,15.96,10
October 1 2019,16.31,92944304,16.10,16.40,15.94,9
September 30 2019,16.06,89192370,16.20,16.27,15.74,8
September 27 2019,16.14,166847617,16.15,16.58,15.92,7
September 26 2019,16.17,181181759,15.38,16.22,15.16,6
September 25 2019,15.25,141664219,14.97,15.27,14.56,5
September 24 2019,14.88,194116553,16.10,16.13,14.84,4
September 23 2019,16.08,65874417,16.00,16.35,15.95,3
September 20 2019,16.04,97593911,16.43,16.46,15.88,2
September 19 2019,16.44,73246988,16.40,16.53,16.32,1